{"cameraMode":{"drawMode":0,"name":"Shaded","section":"Shading Mode"},"sceneLighting":false,"audioPlay":false,"sceneViewState":{"showFog":true,"showMaterialUpdate":false,"showSkybox":false,"showFlares":true,"showImageEffects":true,"showParticleSystems":true},"in2DMode":false,"pivot":{"x":0.0,"y":0.09999999403953552,"z":-0.009999990463256836},"rotation":{"x":0.0008822466479614377,"y":0.9829598069190979,"z":-0.18375742435455323,"w":0.004718981217592955},"size":0.267020583152771,"orthographic":false}